class,class_name,count,width_mean,width_min,width_max,height_mean,height_min,height_max,ratio_mean,ratio_min,ratio_max,area_mean,area_min,area_max
0,Longitudinal Cracks,5420,82.7669741697417,tensor(9.),tensor(327.0001),123.00571955719558,tensor(15.),tensor(296.),0.7363215034738237,tensor(0.0739),tensor(7.7222),11872.478966789668,tensor(219.9997),tensor(72324.9922)
1,Transverse Cracks,2647,183.4450321118247,tensor(27.),tensor(634.),36.5043445409898,tensor(8.),tensor(248.),5.662112326454476,tensor(0.2109),tensor(27.7333),7760.991310918021,tensor(462.),tensor(70432.)
2,Alligator Cracks,653,201.635528330781,tensor(20.),tensor(632.),165.62021439509954,tensor(26.),tensor(284.0000),1.2531782211607485,tensor(0.3014),tensor(5.2381),38353.42113323124,tensor(560.0006),tensor(161024.0156)
3,Potholes,114,37.60526315789474,tensor(16.),tensor(163.),26.280701754385966,tensor(12.0000),tensor(99.),1.5292610034608005,tensor(0.4444),tensor(4.1429),1185.0263157894738,tensor(239.9994),tensor(16137.)
