class,class_name,count,width_mean,width_min,width_max,height_mean,height_min,height_max,ratio_mean,ratio_min,ratio_max,area_mean,area_min,area_max
0,Longitudinal Cracks,2146,102.69979030754892,tensor(5.),tensor(638.7500),279.56430568499536,tensor(17.5000),tensor(638.7500),0.594980373187034,tensor(0.0207),tensor(12.5714),31290.807082945015,tensor(140.6250),tensor(253803.1250)
1,Transverse Cracks,861,319.75174216027875,tensor(16.2500),tensor(638.7500),52.36062717770035,tensor(7.5000),tensor(255.),6.715315017966028,tensor(0.2063),tensor(21.6923),21103.772357723577,tensor(356.2500),tensor(138656.2500)
2,Alligator Cracks,513,331.2573099415205,tensor(22.5000),tensor(638.7500),239.93908382066277,tensor(26.2500),tensor(637.5000),1.6709724411397417,tensor(0.2349),tensor(9.8269),93375.5321637427,tensor(590.6250),tensor(361692.1875)
3,Potholes,197,38.03299492385787,tensor(8.7500),tensor(137.5000),72.63959390862944,tensor(10.),tensor(508.7500),0.8145456072037596,tensor(0.1886),tensor(2.6667),5281.281725888325,tensor(87.5000),tensor(57870.3125)
4,Repair,229,335.21288209606985,tensor(23.7500),tensor(638.7500),258.3296943231441,tensor(7.5000),tensor(560.),1.6805854364253547,tensor(0.3531),tensor(19.3000),112553.31004366813,tensor(421.8750),tensor(337739.0625)
