class_id,count,class_name,percentage
0,2146,Longitudinal Cracks,54.3841865179929
1,861,Transverse Cracks,21.819564115560063
2,513,Alligator Cracks,13.000506842372022
3,197,Potholes,4.9923973644196655
4,229,Repair,5.803345159655347
