class_id,count,class_name,percentage
0,5420,Longitudinal Cracks,61.35386008603124
1,2647,Transverse Cracks,29.963776318768392
2,653,Alligator Cracks,7.391894951324428
3,114,Potholes,1.2904686438759339
